{"assets/images/KLH-2018.png":["assets/images/KLH-2018.png"],"assets/images/agriculture1.jpg":["assets/images/agriculture1.jpg"],"assets/images/agriculture2.JPG":["assets/images/agriculture2.JPG"],"assets/images/agriculture3.JPG":["assets/images/agriculture3.JPG"],"assets/images/agriculture4.JPG":["assets/images/agriculture4.JPG"],"assets/images/agriculture5.jpg":["assets/images/agriculture5.jpg"],"assets/images/agriculture6.JPG":["assets/images/agriculture6.JPG"],"assets/images/agriculture_img-1.jpeg":["assets/images/agriculture_img-1.jpeg"],"assets/images/agriculture_img-2.jpeg":["assets/images/agriculture_img-2.jpeg"],"assets/images/agriculture_img-3.jpeg":["assets/images/agriculture_img-3.jpeg"],"assets/images/agriculture_img-4.png":["assets/images/agriculture_img-4.png"],"assets/images/agriculture_img-5.png":["assets/images/agriculture_img-5.png"],"assets/images/agriculture_img-6.jpeg":["assets/images/agriculture_img-6.jpeg"],"assets/images/agriculture_img-6.png":["assets/images/agriculture_img-6.png"],"assets/images/confegure%20logo%20black.png":["assets/images/confegure%20logo%20black.png"],"assets/images/logo-1.png":["assets/images/logo-1.png"],"assets/images/logo-2.png":["assets/images/logo-2.png"],"assets/images/signin.png":["assets/images/signin.png"],"assets/images/welcome.png":["assets/images/welcome.png"],"assets/images/welcome_bg.png":["assets/images/welcome_bg.png"],"fonts/Poppins-Black.ttf":["fonts/Poppins-Black.ttf"],"fonts/Poppins-BlackItalic.ttf":["fonts/Poppins-BlackItalic.ttf"],"fonts/Poppins-Bold.ttf":["fonts/Poppins-Bold.ttf"],"fonts/Poppins-BoldItalic.ttf":["fonts/Poppins-BoldItalic.ttf"],"fonts/Poppins-ExtraBold.ttf":["fonts/Poppins-ExtraBold.ttf"],"fonts/Poppins-ExtraBoldItalic.ttf":["fonts/Poppins-ExtraBoldItalic.ttf"],"fonts/Poppins-ExtraLight.ttf":["fonts/Poppins-ExtraLight.ttf"],"fonts/Poppins-ExtraLightItalic.ttf":["fonts/Poppins-ExtraLightItalic.ttf"],"fonts/Poppins-Italic.ttf":["fonts/Poppins-Italic.ttf"],"fonts/Poppins-Light.ttf":["fonts/Poppins-Light.ttf"],"fonts/Poppins-LightItalic.ttf":["fonts/Poppins-LightItalic.ttf"],"fonts/Poppins-Medium.ttf":["fonts/Poppins-Medium.ttf"],"fonts/Poppins-MediumItalic.ttf":["fonts/Poppins-MediumItalic.ttf"],"fonts/Poppins-Regular.ttf":["fonts/Poppins-Regular.ttf"],"fonts/Poppins-SemiBold.ttf":["fonts/Poppins-SemiBold.ttf"],"fonts/Poppins-SemiBoldItalic.ttf":["fonts/Poppins-SemiBoldItalic.ttf"],"fonts/Poppins-Thin.ttf":["fonts/Poppins-Thin.ttf"],"fonts/Poppins-ThinItalic.ttf":["fonts/Poppins-ThinItalic.ttf"],"packages/cupertino_icons/assets/CupertinoIcons.ttf":["packages/cupertino_icons/assets/CupertinoIcons.ttf"]}